name,link,severity,package,version,fixedBy
CVE-2026-13221,https://avd.aquasec.com/nvd/cve-2026-13221,CRITICAL,perl-base,5.40.1-6,
CVE-2026-42496,https://avd.aquasec.com/nvd/cve-2026-42496,CRITICAL,perl-base,5.40.1-6,
CVE-2026-8376,https://avd.aquasec.com/nvd/cve-2026-8376,CRITICAL,perl-base,5.40.1-6,
CVE-2026-53612,https://avd.aquasec.com/nvd/cve-2026-53612,HIGH,bsdutils,1:2.41-5,2.41.5-0+deb13u1
CVE-2026-53613,https://avd.aquasec.com/nvd/cve-2026-53613,HIGH,bsdutils,1:2.41-5,2.41.5-0+deb13u1
CVE-2026-53614,https://avd.aquasec.com/nvd/cve-2026-53614,HIGH,bsdutils,1:2.41-5,2.41.5-0+deb13u1
CVE-2026-53615,https://avd.aquasec.com/nvd/cve-2026-53615,HIGH,bsdutils,1:2.41-5,2.41.5-0+deb13u1
CVE-2026-41992,https://avd.aquasec.com/nvd/cve-2026-41992,HIGH,gzip,1.13-1,
CVE-2026-54369,https://avd.aquasec.com/nvd/cve-2026-54369,HIGH,libacl1,2.3.2-2+b1,
CVE-2026-53612,https://avd.aquasec.com/nvd/cve-2026-53612,HIGH,libblkid1,2.41-5,2.41.5-0+deb13u1
CVE-2026-53613,https://avd.aquasec.com/nvd/cve-2026-53613,HIGH,libblkid1,2.41-5,2.41.5-0+deb13u1
CVE-2026-53614,https://avd.aquasec.com/nvd/cve-2026-53614,HIGH,libblkid1,2.41-5,2.41.5-0+deb13u1
CVE-2026-53615,https://avd.aquasec.com/nvd/cve-2026-53615,HIGH,libblkid1,2.41-5,2.41.5-0+deb13u1
CVE-2026-53612,https://avd.aquasec.com/nvd/cve-2026-53612,HIGH,liblastlog2-2,2.41-5,2.41.5-0+deb13u1
CVE-2026-53613,https://avd.aquasec.com/nvd/cve-2026-53613,HIGH,liblastlog2-2,2.41-5,2.41.5-0+deb13u1
CVE-2026-53614,https://avd.aquasec.com/nvd/cve-2026-53614,HIGH,liblastlog2-2,2.41-5,2.41.5-0+deb13u1
CVE-2026-53615,https://avd.aquasec.com/nvd/cve-2026-53615,HIGH,liblastlog2-2,2.41-5,2.41.5-0+deb13u1
CVE-2026-53612,https://avd.aquasec.com/nvd/cve-2026-53612,HIGH,libmount1,2.41-5,2.41.5-0+deb13u1
CVE-2026-53613,https://avd.aquasec.com/nvd/cve-2026-53613,HIGH,libmount1,2.41-5,2.41.5-0+deb13u1
CVE-2026-53614,https://avd.aquasec.com/nvd/cve-2026-53614,HIGH,libmount1,2.41-5,2.41.5-0+deb13u1
CVE-2026-53615,https://avd.aquasec.com/nvd/cve-2026-53615,HIGH,libmount1,2.41-5,2.41.5-0+deb13u1
CVE-2025-69720,https://avd.aquasec.com/nvd/cve-2025-69720,HIGH,libncursesw6,6.5+20250216-2,
CVE-2026-53612,https://avd.aquasec.com/nvd/cve-2026-53612,HIGH,libsmartcols1,2.41-5,2.41.5-0+deb13u1
CVE-2026-53613,https://avd.aquasec.com/nvd/cve-2026-53613,HIGH,libsmartcols1,2.41-5,2.41.5-0+deb13u1
CVE-2026-53614,https://avd.aquasec.com/nvd/cve-2026-53614,HIGH,libsmartcols1,2.41-5,2.41.5-0+deb13u1
CVE-2026-53615,https://avd.aquasec.com/nvd/cve-2026-53615,HIGH,libsmartcols1,2.41-5,2.41.5-0+deb13u1
CVE-2026-14456,https://avd.aquasec.com/nvd/cve-2026-14456,HIGH,libssl3t64,3.5.6-1~deb13u2,
CVE-2025-69720,https://avd.aquasec.com/nvd/cve-2025-69720,HIGH,libtinfo6,6.5+20250216-2,
CVE-2026-53612,https://avd.aquasec.com/nvd/cve-2026-53612,HIGH,libuuid1,2.41-5,2.41.5-0+deb13u1
CVE-2026-53613,https://avd.aquasec.com/nvd/cve-2026-53613,HIGH,libuuid1,2.41-5,2.41.5-0+deb13u1
CVE-2026-53614,https://avd.aquasec.com/nvd/cve-2026-53614,HIGH,libuuid1,2.41-5,2.41.5-0+deb13u1
CVE-2026-53615,https://avd.aquasec.com/nvd/cve-2026-53615,HIGH,libuuid1,2.41-5,2.41.5-0+deb13u1
CVE-2026-53612,https://avd.aquasec.com/nvd/cve-2026-53612,HIGH,login,1:4.16.0-2+really2.41-5,2.41.5-0+deb13u1
CVE-2026-53613,https://avd.aquasec.com/nvd/cve-2026-53613,HIGH,login,1:4.16.0-2+really2.41-5,2.41.5-0+deb13u1
CVE-2026-53614,https://avd.aquasec.com/nvd/cve-2026-53614,HIGH,login,1:4.16.0-2+really2.41-5,2.41.5-0+deb13u1
CVE-2026-53615,https://avd.aquasec.com/nvd/cve-2026-53615,HIGH,login,1:4.16.0-2+really2.41-5,2.41.5-0+deb13u1
CVE-2026-53612,https://avd.aquasec.com/nvd/cve-2026-53612,HIGH,mount,2.41-5,2.41.5-0+deb13u1
CVE-2026-53613,https://avd.aquasec.com/nvd/cve-2026-53613,HIGH,mount,2.41-5,2.41.5-0+deb13u1
CVE-2026-53614,https://avd.aquasec.com/nvd/cve-2026-53614,HIGH,mount,2.41-5,2.41.5-0+deb13u1
CVE-2026-53615,https://avd.aquasec.com/nvd/cve-2026-53615,HIGH,mount,2.41-5,2.41.5-0+deb13u1
CVE-2025-69720,https://avd.aquasec.com/nvd/cve-2025-69720,HIGH,ncurses-base,6.5+20250216-2,
CVE-2025-69720,https://avd.aquasec.com/nvd/cve-2025-69720,HIGH,ncurses-bin,6.5+20250216-2,
CVE-2026-14456,https://avd.aquasec.com/nvd/cve-2026-14456,HIGH,openssl,3.5.6-1~deb13u2,
CVE-2026-14456,https://avd.aquasec.com/nvd/cve-2026-14456,HIGH,openssl-provider-legacy,3.5.6-1~deb13u2,
CVE-2026-42497,https://avd.aquasec.com/nvd/cve-2026-42497,HIGH,perl-base,5.40.1-6,
CVE-2026-48962,https://avd.aquasec.com/nvd/cve-2026-48962,HIGH,perl-base,5.40.1-6,
CVE-2026-57432,https://avd.aquasec.com/nvd/cve-2026-57432,HIGH,perl-base,5.40.1-6,
CVE-2026-57433,https://avd.aquasec.com/nvd/cve-2026-57433,HIGH,perl-base,5.40.1-6,
CVE-2026-9538,https://avd.aquasec.com/nvd/cve-2026-9538,HIGH,perl-base,5.40.1-6,
CVE-2026-53612,https://avd.aquasec.com/nvd/cve-2026-53612,HIGH,util-linux,2.41-5,2.41.5-0+deb13u1
CVE-2026-53613,https://avd.aquasec.com/nvd/cve-2026-53613,HIGH,util-linux,2.41-5,2.41.5-0+deb13u1
CVE-2026-53614,https://avd.aquasec.com/nvd/cve-2026-53614,HIGH,util-linux,2.41-5,2.41.5-0+deb13u1
CVE-2026-53615,https://avd.aquasec.com/nvd/cve-2026-53615,HIGH,util-linux,2.41-5,2.41.5-0+deb13u1
CVE-2026-13595,https://avd.aquasec.com/nvd/cve-2026-13595,MEDIUM,bsdutils,1:2.41-5,2.41.5-0+deb13u1
CVE-2026-27456,https://avd.aquasec.com/nvd/cve-2026-27456,MEDIUM,bsdutils,1:2.41-5,2.41.5-0+deb13u1
CVE-2026-3184,https://avd.aquasec.com/nvd/cve-2026-3184,MEDIUM,bsdutils,1:2.41-5,
CVE-2026-41991,https://avd.aquasec.com/nvd/cve-2026-41991,MEDIUM,gzip,1.13-1,
CVE-2026-54370,https://avd.aquasec.com/nvd/cve-2026-54370,MEDIUM,libacl1,2.3.2-2+b1,
CVE-2026-54371,https://avd.aquasec.com/nvd/cve-2026-54371,MEDIUM,libattr1,1:2.5.2-3,
CVE-2026-13595,https://avd.aquasec.com/nvd/cve-2026-13595,MEDIUM,libblkid1,2.41-5,2.41.5-0+deb13u1
CVE-2026-27456,https://avd.aquasec.com/nvd/cve-2026-27456,MEDIUM,libblkid1,2.41-5,2.41.5-0+deb13u1
CVE-2026-3184,https://avd.aquasec.com/nvd/cve-2026-3184,MEDIUM,libblkid1,2.41-5,
CVE-2026-42250,https://avd.aquasec.com/nvd/cve-2026-42250,MEDIUM,libbz2-1.0,1.0.8-6,
CVE-2026-5435,https://avd.aquasec.com/nvd/cve-2026-5435,MEDIUM,libc-bin,2.41-12+deb13u3,
CVE-2026-5450,https://avd.aquasec.com/nvd/cve-2026-5450,MEDIUM,libc-bin,2.41-12+deb13u3,
CVE-2026-5928,https://avd.aquasec.com/nvd/cve-2026-5928,MEDIUM,libc-bin,2.41-12+deb13u3,
CVE-2026-6238,https://avd.aquasec.com/nvd/cve-2026-6238,MEDIUM,libc-bin,2.41-12+deb13u3,
CVE-2026-6368,https://avd.aquasec.com/nvd/cve-2026-6368,MEDIUM,libc-bin,2.41-12+deb13u3,
CVE-2026-6791,https://avd.aquasec.com/nvd/cve-2026-6791,MEDIUM,libc-bin,2.41-12+deb13u3,
CVE-2026-5435,https://avd.aquasec.com/nvd/cve-2026-5435,MEDIUM,libc6,2.41-12+deb13u3,
CVE-2026-5450,https://avd.aquasec.com/nvd/cve-2026-5450,MEDIUM,libc6,2.41-12+deb13u3,
CVE-2026-5928,https://avd.aquasec.com/nvd/cve-2026-5928,MEDIUM,libc6,2.41-12+deb13u3,
CVE-2026-6238,https://avd.aquasec.com/nvd/cve-2026-6238,MEDIUM,libc6,2.41-12+deb13u3,
CVE-2026-6368,https://avd.aquasec.com/nvd/cve-2026-6368,MEDIUM,libc6,2.41-12+deb13u3,
CVE-2026-6791,https://avd.aquasec.com/nvd/cve-2026-6791,MEDIUM,libc6,2.41-12+deb13u3,
CVE-2026-13595,https://avd.aquasec.com/nvd/cve-2026-13595,MEDIUM,liblastlog2-2,2.41-5,2.41.5-0+deb13u1
CVE-2026-27456,https://avd.aquasec.com/nvd/cve-2026-27456,MEDIUM,liblastlog2-2,2.41-5,2.41.5-0+deb13u1
CVE-2026-3184,https://avd.aquasec.com/nvd/cve-2026-3184,MEDIUM,liblastlog2-2,2.41-5,
CVE-2026-13595,https://avd.aquasec.com/nvd/cve-2026-13595,MEDIUM,libmount1,2.41-5,2.41.5-0+deb13u1
CVE-2026-27456,https://avd.aquasec.com/nvd/cve-2026-27456,MEDIUM,libmount1,2.41-5,2.41.5-0+deb13u1
CVE-2026-3184,https://avd.aquasec.com/nvd/cve-2026-3184,MEDIUM,libmount1,2.41-5,
CVE-2026-54411,https://avd.aquasec.com/nvd/cve-2026-54411,MEDIUM,libpam-modules,1.7.0-5,
CVE-2026-54411,https://avd.aquasec.com/nvd/cve-2026-54411,MEDIUM,libpam-modules-bin,1.7.0-5,
CVE-2026-54411,https://avd.aquasec.com/nvd/cve-2026-54411,MEDIUM,libpam-runtime,1.7.0-5,
CVE-2026-54411,https://avd.aquasec.com/nvd/cve-2026-54411,MEDIUM,libpam0g,1.7.0-5,
CVE-2026-13595,https://avd.aquasec.com/nvd/cve-2026-13595,MEDIUM,libsmartcols1,2.41-5,2.41.5-0+deb13u1
CVE-2026-27456,https://avd.aquasec.com/nvd/cve-2026-27456,MEDIUM,libsmartcols1,2.41-5,2.41.5-0+deb13u1
CVE-2026-3184,https://avd.aquasec.com/nvd/cve-2026-3184,MEDIUM,libsmartcols1,2.41-5,
CVE-2026-11822,https://avd.aquasec.com/nvd/cve-2026-11822,MEDIUM,libsqlite3-0,3.46.1-7+deb13u1,
CVE-2026-11824,https://avd.aquasec.com/nvd/cve-2026-11824,MEDIUM,libsqlite3-0,3.46.1-7+deb13u1,
CVE-2026-50812,https://avd.aquasec.com/nvd/cve-2026-50812,MEDIUM,libsqlite3-0,3.46.1-7+deb13u1,
CVE-2026-50813,https://avd.aquasec.com/nvd/cve-2026-50813,MEDIUM,libsqlite3-0,3.46.1-7+deb13u1,
CVE-2026-15059,https://avd.aquasec.com/nvd/cve-2026-15059,MEDIUM,libsystemd0,257.13-1~deb13u1,
CVE-2026-16742,https://avd.aquasec.com/nvd/cve-2026-16742,MEDIUM,libsystemd0,257.13-1~deb13u1,
CVE-2026-15059,https://avd.aquasec.com/nvd/cve-2026-15059,MEDIUM,libudev1,257.13-1~deb13u1,
CVE-2026-16742,https://avd.aquasec.com/nvd/cve-2026-16742,MEDIUM,libudev1,257.13-1~deb13u1,
CVE-2026-13595,https://avd.aquasec.com/nvd/cve-2026-13595,MEDIUM,libuuid1,2.41-5,2.41.5-0+deb13u1
CVE-2026-27456,https://avd.aquasec.com/nvd/cve-2026-27456,MEDIUM,libuuid1,2.41-5,2.41.5-0+deb13u1
CVE-2026-3184,https://avd.aquasec.com/nvd/cve-2026-3184,MEDIUM,libuuid1,2.41-5,
CVE-2026-13595,https://avd.aquasec.com/nvd/cve-2026-13595,MEDIUM,login,1:4.16.0-2+really2.41-5,2.41.5-0+deb13u1
CVE-2026-27456,https://avd.aquasec.com/nvd/cve-2026-27456,MEDIUM,login,1:4.16.0-2+really2.41-5,2.41.5-0+deb13u1
CVE-2026-3184,https://avd.aquasec.com/nvd/cve-2026-3184,MEDIUM,login,1:4.16.0-2+really2.41-5,
CVE-2026-13595,https://avd.aquasec.com/nvd/cve-2026-13595,MEDIUM,mount,2.41-5,2.41.5-0+deb13u1
CVE-2026-27456,https://avd.aquasec.com/nvd/cve-2026-27456,MEDIUM,mount,2.41-5,2.41.5-0+deb13u1
CVE-2026-3184,https://avd.aquasec.com/nvd/cve-2026-3184,MEDIUM,mount,2.41-5,
CVE-2025-15649,https://avd.aquasec.com/nvd/cve-2025-15649,MEDIUM,perl-base,5.40.1-6,
CVE-2026-12087,https://avd.aquasec.com/nvd/cve-2026-12087,MEDIUM,perl-base,5.40.1-6,
CVE-2026-48959,https://avd.aquasec.com/nvd/cve-2026-48959,MEDIUM,perl-base,5.40.1-6,
CVE-2026-48961,https://avd.aquasec.com/nvd/cve-2026-48961,MEDIUM,perl-base,5.40.1-6,
CVE-2026-7010,https://avd.aquasec.com/nvd/cve-2026-7010,MEDIUM,perl-base,5.40.1-6,
CVE-2026-18477,https://avd.aquasec.com/nvd/cve-2026-18477,MEDIUM,tar,1.35+dfsg-3.1,
CVE-2026-18508,https://avd.aquasec.com/nvd/cve-2026-18508,MEDIUM,tar,1.35+dfsg-3.1,
CVE-2026-5704,https://avd.aquasec.com/nvd/cve-2026-5704,MEDIUM,tar,1.35+dfsg-3.1,
CVE-2026-13595,https://avd.aquasec.com/nvd/cve-2026-13595,MEDIUM,util-linux,2.41-5,2.41.5-0+deb13u1
CVE-2026-27456,https://avd.aquasec.com/nvd/cve-2026-27456,MEDIUM,util-linux,2.41-5,2.41.5-0+deb13u1
CVE-2026-3184,https://avd.aquasec.com/nvd/cve-2026-3184,MEDIUM,util-linux,2.41-5,
CVE-2026-27171,https://avd.aquasec.com/nvd/cve-2026-27171,MEDIUM,zlib1g,1:1.3.dfsg+really1.3.1-1+b1,
CVE-2011-3374,https://avd.aquasec.com/nvd/cve-2011-3374,LOW,apt,3.0.3,
TEMP-0841856-B18BAF,https://security-tracker.debian.org/tracker/TEMP-0841856-B18BAF,LOW,bash,5.2.37-2+b9,
CVE-2022-0563,https://avd.aquasec.com/nvd/cve-2022-0563,LOW,bsdutils,1:2.41-5,
CVE-2025-14104,https://avd.aquasec.com/nvd/cve-2025-14104,LOW,bsdutils,1:2.41-5,2.41.3-1
CVE-2017-18018,https://avd.aquasec.com/nvd/cve-2017-18018,LOW,coreutils,9.7-3,
CVE-2025-5278,https://avd.aquasec.com/nvd/cve-2025-5278,LOW,coreutils,9.7-3,
CVE-2026-56391,https://avd.aquasec.com/nvd/cve-2026-56391,LOW,coreutils,9.7-3,
CVE-2026-56392,https://avd.aquasec.com/nvd/cve-2026-56392,LOW,coreutils,9.7-3,
CVE-2026-53910,https://avd.aquasec.com/nvd/cve-2026-53910,LOW,diffutils,1:3.10-4,
CVE-2011-3374,https://avd.aquasec.com/nvd/cve-2011-3374,LOW,libapt-pkg7.0,3.0.3,
CVE-2022-0563,https://avd.aquasec.com/nvd/cve-2022-0563,LOW,libblkid1,2.41-5,
CVE-2025-14104,https://avd.aquasec.com/nvd/cve-2025-14104,LOW,libblkid1,2.41-5,2.41.3-1
CVE-2010-4756,https://avd.aquasec.com/nvd/cve-2010-4756,LOW,libc-bin,2.41-12+deb13u3,
CVE-2018-20796,https://avd.aquasec.com/nvd/cve-2018-20796,LOW,libc-bin,2.41-12+deb13u3,
CVE-2019-1010022,https://avd.aquasec.com/nvd/cve-2019-1010022,LOW,libc-bin,2.41-12+deb13u3,
CVE-2019-1010023,https://avd.aquasec.com/nvd/cve-2019-1010023,LOW,libc-bin,2.41-12+deb13u3,
CVE-2019-1010024,https://avd.aquasec.com/nvd/cve-2019-1010024,LOW,libc-bin,2.41-12+deb13u3,
CVE-2019-1010025,https://avd.aquasec.com/nvd/cve-2019-1010025,LOW,libc-bin,2.41-12+deb13u3,
CVE-2019-9192,https://avd.aquasec.com/nvd/cve-2019-9192,LOW,libc-bin,2.41-12+deb13u3,
CVE-2010-4756,https://avd.aquasec.com/nvd/cve-2010-4756,LOW,libc6,2.41-12+deb13u3,
CVE-2018-20796,https://avd.aquasec.com/nvd/cve-2018-20796,LOW,libc6,2.41-12+deb13u3,
CVE-2019-1010022,https://avd.aquasec.com/nvd/cve-2019-1010022,LOW,libc6,2.41-12+deb13u3,
CVE-2019-1010023,https://avd.aquasec.com/nvd/cve-2019-1010023,LOW,libc6,2.41-12+deb13u3,
CVE-2019-1010024,https://avd.aquasec.com/nvd/cve-2019-1010024,LOW,libc6,2.41-12+deb13u3,
CVE-2019-1010025,https://avd.aquasec.com/nvd/cve-2019-1010025,LOW,libc6,2.41-12+deb13u3,
CVE-2019-9192,https://avd.aquasec.com/nvd/cve-2019-9192,LOW,libc6,2.41-12+deb13u3,
CVE-2022-0563,https://avd.aquasec.com/nvd/cve-2022-0563,LOW,liblastlog2-2,2.41-5,
CVE-2025-14104,https://avd.aquasec.com/nvd/cve-2025-14104,LOW,liblastlog2-2,2.41-5,2.41.3-1
CVE-2022-0563,https://avd.aquasec.com/nvd/cve-2022-0563,LOW,libmount1,2.41-5,
CVE-2025-14104,https://avd.aquasec.com/nvd/cve-2025-14104,LOW,libmount1,2.41-5,2.41.3-1
CVE-2025-6141,https://avd.aquasec.com/nvd/cve-2025-6141,LOW,libncursesw6,6.5+20250216-2,
CVE-2022-0563,https://avd.aquasec.com/nvd/cve-2022-0563,LOW,libsmartcols1,2.41-5,
CVE-2025-14104,https://avd.aquasec.com/nvd/cve-2025-14104,LOW,libsmartcols1,2.41-5,2.41.3-1
CVE-2021-45346,https://avd.aquasec.com/nvd/cve-2021-45346,LOW,libsqlite3-0,3.46.1-7+deb13u1,
CVE-2025-70873,https://avd.aquasec.com/nvd/cve-2025-70873,LOW,libsqlite3-0,3.46.1-7+deb13u1,
CVE-2013-4392,https://avd.aquasec.com/nvd/cve-2013-4392,LOW,libsystemd0,257.13-1~deb13u1,
CVE-2023-31437,https://avd.aquasec.com/nvd/cve-2023-31437,LOW,libsystemd0,257.13-1~deb13u1,
CVE-2023-31438,https://avd.aquasec.com/nvd/cve-2023-31438,LOW,libsystemd0,257.13-1~deb13u1,
CVE-2023-31439,https://avd.aquasec.com/nvd/cve-2023-31439,LOW,libsystemd0,257.13-1~deb13u1,
CVE-2026-40228,https://avd.aquasec.com/nvd/cve-2026-40228,LOW,libsystemd0,257.13-1~deb13u1,
CVE-2025-6141,https://avd.aquasec.com/nvd/cve-2025-6141,LOW,libtinfo6,6.5+20250216-2,
CVE-2013-4392,https://avd.aquasec.com/nvd/cve-2013-4392,LOW,libudev1,257.13-1~deb13u1,
CVE-2023-31437,https://avd.aquasec.com/nvd/cve-2023-31437,LOW,libudev1,257.13-1~deb13u1,
CVE-2023-31438,https://avd.aquasec.com/nvd/cve-2023-31438,LOW,libudev1,257.13-1~deb13u1,
CVE-2023-31439,https://avd.aquasec.com/nvd/cve-2023-31439,LOW,libudev1,257.13-1~deb13u1,
CVE-2026-40228,https://avd.aquasec.com/nvd/cve-2026-40228,LOW,libudev1,257.13-1~deb13u1,
CVE-2022-0563,https://avd.aquasec.com/nvd/cve-2022-0563,LOW,libuuid1,2.41-5,
CVE-2025-14104,https://avd.aquasec.com/nvd/cve-2025-14104,LOW,libuuid1,2.41-5,2.41.3-1
CVE-2022-0563,https://avd.aquasec.com/nvd/cve-2022-0563,LOW,login,1:4.16.0-2+really2.41-5,
CVE-2025-14104,https://avd.aquasec.com/nvd/cve-2025-14104,LOW,login,1:4.16.0-2+really2.41-5,2.41.3-1
CVE-2007-5686,https://avd.aquasec.com/nvd/cve-2007-5686,LOW,login.defs,1:4.17.4-2,
CVE-2024-56433,https://avd.aquasec.com/nvd/cve-2024-56433,LOW,login.defs,1:4.17.4-2,
TEMP-0628843-DBAD28,https://security-tracker.debian.org/tracker/TEMP-0628843-DBAD28,LOW,login.defs,1:4.17.4-2,
CVE-2022-0563,https://avd.aquasec.com/nvd/cve-2022-0563,LOW,mount,2.41-5,
CVE-2025-14104,https://avd.aquasec.com/nvd/cve-2025-14104,LOW,mount,2.41-5,2.41.3-1
CVE-2025-6141,https://avd.aquasec.com/nvd/cve-2025-6141,LOW,ncurses-base,6.5+20250216-2,
CVE-2025-6141,https://avd.aquasec.com/nvd/cve-2025-6141,LOW,ncurses-bin,6.5+20250216-2,
CVE-2007-5686,https://avd.aquasec.com/nvd/cve-2007-5686,LOW,passwd,1:4.17.4-2,
CVE-2024-56433,https://avd.aquasec.com/nvd/cve-2024-56433,LOW,passwd,1:4.17.4-2,
TEMP-0628843-DBAD28,https://security-tracker.debian.org/tracker/TEMP-0628843-DBAD28,LOW,passwd,1:4.17.4-2,
CVE-2011-4116,https://avd.aquasec.com/nvd/cve-2011-4116,LOW,perl-base,5.40.1-6,
TEMP-0517018-A83CE6,https://security-tracker.debian.org/tracker/TEMP-0517018-A83CE6,LOW,sysvinit-utils,3.14-4,
CVE-2005-2541,https://avd.aquasec.com/nvd/cve-2005-2541,LOW,tar,1.35+dfsg-3.1,
TEMP-0290435-0B57B5,https://security-tracker.debian.org/tracker/TEMP-0290435-0B57B5,LOW,tar,1.35+dfsg-3.1,
CVE-2022-0563,https://avd.aquasec.com/nvd/cve-2022-0563,LOW,util-linux,2.41-5,
CVE-2025-14104,https://avd.aquasec.com/nvd/cve-2025-14104,LOW,util-linux,2.41-5,2.41.3-1
CVE-2026-75803,https://avd.aquasec.com/nvd/cve-2026-75803,UNDEFINED,libssl3t64,3.5.6-1~deb13u2,
CVE-2026-75803,https://avd.aquasec.com/nvd/cve-2026-75803,UNDEFINED,openssl,3.5.6-1~deb13u2,
CVE-2026-75803,https://avd.aquasec.com/nvd/cve-2026-75803,UNDEFINED,openssl-provider-legacy,3.5.6-1~deb13u2,
CVE-2026-15534,https://avd.aquasec.com/nvd/cve-2026-15534,UNDEFINED,perl-base,5.40.1-6,
CVE-2026-19487,https://avd.aquasec.com/nvd/cve-2026-19487,UNDEFINED,perl-base,5.40.1-6,
CVE-2026-7017,https://avd.aquasec.com/nvd/cve-2026-7017,UNDEFINED,perl-base,5.40.1-6,